<annotation>
	<folder>images</folder>
	<filename>car.jpg</filename>
	<path>D:\courses\DeepLearning\sessions\code\Session7\images\car.jpg</path>
	<source>
		<database>Unknown</database>
	</source>
	<size>
		<width>0</width>
		<height>0</height>
		<depth>3</depth>
	</size>
	<segmented>0</segmented>
	<object>
		<name>man</name>
		<pose>Unspecified</pose>
		<truncated>0</truncated>
		<difficult>0</difficult>
		<bndbox>
			<xmin>770</xmin>
			<ymin>28</ymin>
			<xmax>946</xmax>
			<ymax>647</ymax>
		</bndbox>
	</object>
	<object>
		<name>car</name>
		<pose>Unspecified</pose>
		<truncated>0</truncated>
		<difficult>0</difficult>
		<bndbox>
			<xmin>73</xmin>
			<ymin>119</ymin>
			<xmax>1122</xmax>
			<ymax>661</ymax>
		</bndbox>
	</object>
</annotation>
