<annotation verified="yes">
	<folder>images</folder>
	<filename>elephant.jpg</filename>
	<path>D:\courses\DeepLearning\sessions\code\Session7\images\elephant.jpg</path>
	<source>
		<database>Unknown</database>
	</source>
	<size>
		<width>640</width>
		<height>426</height>
		<depth>3</depth>
	</size>
	<segmented>0</segmented>
	<object>
		<name>elephant</name>
		<pose>Unspecified</pose>
		<truncated>0</truncated>
		<difficult>0</difficult>
		<bndbox>
			<xmin>60</xmin>
			<ymin>45</ymin>
			<xmax>576</xmax>
			<ymax>365</ymax>
		</bndbox>
	</object>
</annotation>
